cast_info ci,title t#t.id=ci.movie_id#t.production_year,<,2011,t.phonetic_code,<,11942,t.series_years,<,296,ci.role_id,>,2#2727
cast_info ci,title t#t.id=ci.movie_id#t.phonetic_code,=,20682,t.production_year,>,1993,t.series_years,>,644,ci.role_id,=,1#4
cast_info ci,title t#t.id=ci.movie_id#t.phonetic_code,<,11364,t.series_years,<,428,t.production_year,=,2009,ci.role_id,<,4#29
cast_info ci,title t#t.id=ci.movie_id#t.phonetic_code,>,850,t.production_year,>,2011,t.series_years,>,346,ci.role_id,<,2#12036
cast_info ci,title t#t.id=ci.movie_id#t.phonetic_code,>,17321,t.production_year,=,1964,t.series_years,<,767,ci.role_id,>,2#156
cast_info ci,title t#t.id=ci.movie_id#t.series_years,<,474,t.production_year,>,1956,t.phonetic_code,>,14786,ci.role_id,=,2#1010
cast_info ci,title t#t.id=ci.movie_id#t.phonetic_code,=,10311,t.production_year,<,2008,t.series_years,<,988,ci.role_id,>,1#34
cast_info ci,title t#t.id=ci.movie_id#t.production_year,<,2013,t.series_years,<,842,t.phonetic_code,=,348,ci.role_id,>,1#5
cast_info ci,title t#t.id=ci.movie_id#t.production_year,<,2012,t.phonetic_code,>,14188,t.series_years,=,116,ci.role_id,<,2#11
cast_info ci,title t#t.id=ci.movie_id#t.series_years,=,1109,t.phonetic_code,<,18964,t.production_year,<,2011,ci.role_id,>,1#104
cast_info ci,title t#t.id=ci.movie_id#t.phonetic_code,=,16804,t.series_years,<,351,t.production_year,<,2011,ci.role_id,>,1#3
cast_info ci,title t#t.id=ci.movie_id#t.phonetic_code,=,15862,t.series_years,>,1108,t.production_year,<,2001,ci.role_id,>,2#2
cast_info ci,title t#t.id=ci.movie_id#t.phonetic_code,<,16641,t.production_year,<,1969,t.series_years,>,105,ci.role_id,=,2#9913
cast_info ci,title t#t.id=ci.movie_id#t.production_year,<,1974,t.phonetic_code,<,4570,t.series_years,<,554,ci.role_id,>,1#7999
cast_info ci,title t#t.id=ci.movie_id#t.phonetic_code,<,17498,t.production_year,<,2010,t.series_years,>,726,ci.role_id,<,4#378740
cast_info ci,title t#t.id=ci.movie_id#t.phonetic_code,<,16960,t.series_years,>,367,t.production_year,<,2009,ci.role_id,<,2#192087
cast_info ci,title t#t.id=ci.movie_id#t.series_years,>,920,t.phonetic_code,<,22160,t.production_year,=,2011,ci.role_id,>,1#24519
cast_info ci,title t#t.id=ci.movie_id#t.series_years,>,1259,t.production_year,>,2012,t.phonetic_code,>,9675,ci.role_id,=,1#1982
cast_info ci,title t#t.id=ci.movie_id#t.series_years,=,1082,t.production_year,<,2000,t.phonetic_code,>,12684,ci.role_id,>,1#8
cast_info ci,title t#t.id=ci.movie_id#t.production_year,<,1971,t.phonetic_code,>,16805,t.series_years,<,686,ci.role_id,=,2#2494
cast_info ci,title t#t.id=ci.movie_id#t.production_year,>,2005,t.phonetic_code,>,13138,t.series_years,<,448,ci.role_id,=,1#70
cast_info ci,title t#t.id=ci.movie_id#t.production_year,>,1949,t.phonetic_code,<,4840,t.series_years,>,593,ci.role_id,>,1#163419
cast_info ci,title t#t.id=ci.movie_id#t.phonetic_code,=,13420,t.production_year,<,2009,t.series_years,>,364,ci.role_id,>,4#6
cast_info ci,title t#t.id=ci.movie_id#t.phonetic_code,<,17810,t.production_year,<,2009,t.series_years,>,671,ci.role_id,>,2#284050
cast_info ci,title t#t.id=ci.movie_id#t.series_years,>,340,t.phonetic_code,>,1758,t.production_year,<,2012,ci.role_id,=,2#148269
cast_info ci,title t#t.id=ci.movie_id#t.series_years,>,663,t.production_year,<,1998,t.phonetic_code,<,1460,ci.role_id,>,2#11327
cast_info ci,title t#t.id=ci.movie_id#t.production_year,>,1965,t.series_years,<,294,t.phonetic_code,>,18065,ci.role_id,>,1#17
cast_info ci,title t#t.id=ci.movie_id#t.production_year,>,2007,t.series_years,>,328,t.phonetic_code,>,11932,ci.role_id,=,2#11485
cast_info ci,title t#t.id=ci.movie_id#t.phonetic_code,<,9598,t.series_years,<,545,t.production_year,=,2012,ci.role_id,=,1#112
cast_info ci,title t#t.id=ci.movie_id#t.production_year,=,2012,t.series_years,<,249,t.phonetic_code,>,17138,ci.role_id,>,1#10
cast_info ci,title t#t.id=ci.movie_id#t.series_years,>,1006,t.phonetic_code,<,20390,t.production_year,<,2010,ci.role_id,=,1#169800
cast_info ci,title t#t.id=ci.movie_id#t.phonetic_code,<,17612,t.series_years,>,704,t.production_year,<,1988,ci.role_id,<,2#43754
cast_info ci,title t#t.id=ci.movie_id#t.series_years,>,159,t.production_year,<,2012,t.phonetic_code,<,14735,ci.role_id,>,1#396249
cast_info ci,title t#t.id=ci.movie_id#t.phonetic_code,<,16524,t.production_year,=,2001,t.series_years,>,1228,ci.role_id,=,1#7500
cast_info ci,title t#t.id=ci.movie_id#t.phonetic_code,=,5580,t.production_year,<,2003,t.series_years,>,603,ci.role_id,=,2#34
cast_info ci,title t#t.id=ci.movie_id#t.series_years,<,480,t.production_year,>,2001,t.phonetic_code,<,12968,ci.role_id,=,4#2
cast_info ci,title t#t.id=ci.movie_id#t.production_year,>,2001,t.series_years,>,451,t.phonetic_code,>,15754,ci.role_id,<,2#29507
cast_info ci,title t#t.id=ci.movie_id#t.series_years,>,426,t.production_year,>,2012,t.phonetic_code,<,348,ci.role_id,>,1#234
cast_info ci,title t#t.id=ci.movie_id#t.production_year,<,2005,t.series_years,>,1145,t.phonetic_code,>,10256,ci.role_id,>,2#90509
cast_info ci,title t#t.id=ci.movie_id#t.phonetic_code,>,10256,t.series_years,=,523,t.production_year,<,2003,ci.role_id,=,2#14
cast_info ci,title t#t.id=ci.movie_id#t.phonetic_code,<,20698,t.production_year,<,2010,t.series_years,>,1088,ci.role_id,=,2#104186
cast_info ci,title t#t.id=ci.movie_id#t.phonetic_code,<,11964,t.production_year,=,2004,t.series_years,>,762,ci.role_id,=,2#4424
cast_info ci,title t#t.id=ci.movie_id#t.phonetic_code,<,20345,t.production_year,>,1961,t.series_years,<,579,ci.role_id,=,2#7414
cast_info ci,title t#t.id=ci.movie_id#t.phonetic_code,>,3486,t.production_year,<,2006,t.series_years,<,690,ci.role_id,=,1#23256
cast_info ci,title t#t.id=ci.movie_id#t.phonetic_code,>,3222,t.series_years,>,1221,t.production_year,<,2006,ci.role_id,=,1#66742
cast_info ci,title t#t.id=ci.movie_id#t.phonetic_code,>,298,t.series_years,<,1078,t.production_year,>,2009,ci.role_id,>,1#25
cast_info ci,title t#t.id=ci.movie_id#t.phonetic_code,<,14735,t.production_year,>,1997,t.series_years,>,709,ci.role_id,=,1#98239
cast_info ci,title t#t.id=ci.movie_id#t.phonetic_code,<,6092,t.series_years,>,613,t.production_year,=,2006,ci.role_id,>,1#9232
cast_info ci,title t#t.id=ci.movie_id#t.phonetic_code,<,11790,t.production_year,<,2002,t.series_years,>,503,ci.role_id,=,1#89134
cast_info ci,title t#t.id=ci.movie_id#t.series_years,<,939,t.phonetic_code,<,11652,t.production_year,>,2002,ci.role_id,<,4#158
cast_info ci,title t#t.id=ci.movie_id#t.production_year,<,2007,t.phonetic_code,>,7311,t.series_years,=,1014,ci.role_id,>,1#53
cast_info ci,title t#t.id=ci.movie_id#t.production_year,<,1993,t.phonetic_code,>,14208,t.series_years,=,214,ci.role_id,=,1#2
cast_info ci,title t#t.id=ci.movie_id#t.production_year,<,1957,t.series_years,<,764,t.phonetic_code,<,2692,ci.role_id,=,1#1287
cast_info ci,title t#t.id=ci.movie_id#t.series_years,<,1008,t.phonetic_code,>,6855,t.production_year,<,2012,ci.role_id,<,2#46789
cast_info ci,title t#t.id=ci.movie_id#t.phonetic_code,<,3900,t.production_year,<,2008,t.series_years,<,235,ci.role_id,>,1#1165
cast_info ci,title t#t.id=ci.movie_id#t.series_years,=,1288,t.production_year,<,2006,t.phonetic_code,<,9645,ci.role_id,>,1#35
cast_info ci,title t#t.id=ci.movie_id#t.series_years,<,910,t.phonetic_code,=,17060,t.production_year,<,2011,ci.role_id,=,1#14
cast_info ci,title t#t.id=ci.movie_id#t.phonetic_code,>,10389,t.series_years,>,524,t.production_year,>,1965,ci.role_id,>,2#208320
cast_info ci,title t#t.id=ci.movie_id#t.series_years,=,1291,t.phonetic_code,<,2966,t.production_year,>,1957,ci.role_id,=,1#2
cast_info ci,title t#t.id=ci.movie_id#t.phonetic_code,<,16025,t.series_years,>,303,t.production_year,>,1970,ci.role_id,>,4#165208
cast_info ci,title t#t.id=ci.movie_id#t.production_year,>,2005,t.series_years,>,965,t.phonetic_code,<,10521,ci.role_id,=,2#21189
cast_info ci,title t#t.id=ci.movie_id#t.series_years,<,129,t.phonetic_code,>,2350,t.production_year,>,1955,ci.role_id,=,2#84
cast_info ci,title t#t.id=ci.movie_id#t.production_year,<,1988,t.phonetic_code,>,5342,t.series_years,<,881,ci.role_id,>,2#28976
cast_info ci,title t#t.id=ci.movie_id#t.series_years,<,669,t.production_year,<,1989,t.phonetic_code,>,2367,ci.role_id,=,2#13265
cast_info ci,title t#t.id=ci.movie_id#t.production_year,>,2005,t.phonetic_code,>,1134,t.series_years,<,659,ci.role_id,>,2#17
cast_info ci,title t#t.id=ci.movie_id#t.phonetic_code,>,17146,t.production_year,<,2009,t.series_years,<,988,ci.role_id,<,2#13961
cast_info ci,title t#t.id=ci.movie_id#t.series_years,<,1048,t.phonetic_code,>,2687,t.production_year,=,1991,ci.role_id,>,1#6
cast_info ci,title t#t.id=ci.movie_id#t.series_years,>,702,t.phonetic_code,=,10379,t.production_year,<,2004,ci.role_id,>,4#22
cast_info ci,title t#t.id=ci.movie_id#t.series_years,<,1279,t.production_year,=,2001,t.phonetic_code,>,2035,ci.role_id,>,1#2
cast_info ci,title t#t.id=ci.movie_id#t.production_year,<,2012,t.series_years,>,353,t.phonetic_code,<,16651,ci.role_id,>,1#430573
cast_info ci,title t#t.id=ci.movie_id#t.phonetic_code,>,143,t.series_years,<,1103,t.production_year,<,2007,ci.role_id,=,2#56364
cast_info ci,title t#t.id=ci.movie_id#t.phonetic_code,<,20959,t.series_years,>,466,t.production_year,=,1974,ci.role_id,=,2#1412
cast_info ci,title t#t.id=ci.movie_id#t.series_years,<,916,t.production_year,<,2010,t.phonetic_code,>,17634,ci.role_id,>,1#11380
cast_info ci,title t#t.id=ci.movie_id#t.production_year,=,2007,t.phonetic_code,>,17346,t.series_years,>,699,ci.role_id,>,1#3743
cast_info ci,title t#t.id=ci.movie_id#t.production_year,>,2010,t.series_years,>,592,t.phonetic_code,>,13291,ci.role_id,>,2#17359
cast_info ci,title t#t.id=ci.movie_id#t.phonetic_code,<,4483,t.production_year,>,1995,t.series_years,>,1273,ci.role_id,>,2#73222
cast_info ci,title t#t.id=ci.movie_id#t.series_years,>,1139,t.phonetic_code,=,5153,t.production_year,=,1993,ci.role_id,>,2#4
cast_info ci,title t#t.id=ci.movie_id#t.series_years,=,796,t.phonetic_code,<,6497,t.production_year,<,2012,ci.role_id,>,2#4
cast_info ci,title t#t.id=ci.movie_id#t.series_years,<,619,t.production_year,>,1958,t.phonetic_code,<,5060,ci.role_id,>,1#7505
cast_info ci,title t#t.id=ci.movie_id#t.phonetic_code,>,6981,t.series_years,>,839,t.production_year,>,1958,ci.role_id,>,1#334328
cast_info ci,title t#t.id=ci.movie_id#t.series_years,>,166,t.production_year,=,2008,t.phonetic_code,>,12296,ci.role_id,=,1#3571
cast_info ci,title t#t.id=ci.movie_id#t.production_year,=,1989,t.phonetic_code,>,20591,t.series_years,>,171,ci.role_id,<,4#215
cast_info ci,title t#t.id=ci.movie_id#t.phonetic_code,<,9841,t.production_year,<,2007,t.series_years,=,1277,ci.role_id,=,1#36
cast_info ci,title t#t.id=ci.movie_id#t.production_year,=,2013,t.phonetic_code,>,3326,t.series_years,>,943,ci.role_id,>,1#8723
cast_info ci,title t#t.id=ci.movie_id#t.production_year,<,2010,t.series_years,=,125,t.phonetic_code,>,7340,ci.role_id,>,2#13
cast_info ci,title t#t.id=ci.movie_id#t.phonetic_code,>,14556,t.series_years,<,771,t.production_year,=,1970,ci.role_id,>,1#702
cast_info ci,title t#t.id=ci.movie_id#t.phonetic_code,=,8988,t.production_year,<,2009,t.series_years,>,1067,ci.role_id,>,4#4
cast_info ci,title t#t.id=ci.movie_id#t.series_years,<,503,t.production_year,<,1993,t.phonetic_code,=,16722,ci.role_id,>,1#1
cast_info ci,title t#t.id=ci.movie_id#t.phonetic_code,=,14682,t.production_year,<,2007,t.series_years,<,836,ci.role_id,=,4#2
cast_info ci,title t#t.id=ci.movie_id#t.phonetic_code,>,12248,t.production_year,<,2011,t.series_years,<,1193,ci.role_id,=,2#27554
cast_info ci,title t#t.id=ci.movie_id#t.phonetic_code,>,15732,t.production_year,>,1999,t.series_years,>,961,ci.role_id,>,2#74283
cast_info ci,title t#t.id=ci.movie_id#t.phonetic_code,<,19649,t.production_year,<,2012,t.series_years,=,191,ci.role_id,=,1#2
cast_info ci,title t#t.id=ci.movie_id#t.production_year,>,2009,t.phonetic_code,>,14657,t.series_years,<,170,ci.role_id,=,1#30
cast_info ci,title t#t.id=ci.movie_id#t.production_year,<,2006,t.series_years,=,940,t.phonetic_code,>,3431,ci.role_id,>,1#325
cast_info ci,title t#t.id=ci.movie_id#t.phonetic_code,<,16926,t.series_years,>,709,t.production_year,=,2001,ci.role_id,>,1#19760
cast_info ci,title t#t.id=ci.movie_id#t.phonetic_code,>,11363,t.production_year,<,1970,t.series_years,>,563,ci.role_id,=,1#2198
cast_info ci,title t#t.id=ci.movie_id#t.production_year,>,1991,t.phonetic_code,>,11315,t.series_years,<,1020,ci.role_id,<,2#228
cast_info ci,title t#t.id=ci.movie_id#t.production_year,<,2006,t.series_years,=,969,t.phonetic_code,>,10,ci.role_id,>,2#71
cast_info ci,title t#t.id=ci.movie_id#t.phonetic_code,>,10435,t.series_years,>,1175,t.production_year,<,2004,ci.role_id,>,1#96783
cast_info ci,title t#t.id=ci.movie_id#t.series_years,>,1278,t.phonetic_code,<,14648,t.production_year,<,2005,ci.role_id,>,1#92251
cast_info ci,title t#t.id=ci.movie_id#t.phonetic_code,<,14655,t.series_years,>,559,t.production_year,=,2000,ci.role_id,>,1#13889
cast_info ci,title t#t.id=ci.movie_id#t.production_year,<,1988,t.series_years,<,1117,t.phonetic_code,>,7219,ci.role_id,=,4#12281
cast_info ci,title t#t.id=ci.movie_id#t.production_year,<,2012,t.phonetic_code,<,19556,t.series_years,>,805,ci.role_id,>,1#476394
cast_info ci,title t#t.id=ci.movie_id#t.series_years,>,1101,t.production_year,>,1952,t.phonetic_code,<,1624,ci.role_id,<,2#19772
cast_info ci,title t#t.id=ci.movie_id#t.production_year,<,1987,t.series_years,>,906,t.phonetic_code,<,16808,ci.role_id,>,1#23723
cast_info ci,title t#t.id=ci.movie_id#t.production_year,>,1974,t.phonetic_code,>,5758,t.series_years,=,940,ci.role_id,<,2#185
cast_info ci,title t#t.id=ci.movie_id#t.phonetic_code,>,1639,t.series_years,>,1245,t.production_year,<,2012,ci.role_id,=,1#113833
cast_info ci,title t#t.id=ci.movie_id#t.series_years,>,256,t.phonetic_code,<,20514,t.production_year,=,1997,ci.role_id,>,1#15547
cast_info ci,title t#t.id=ci.movie_id#t.series_years,<,939,t.phonetic_code,>,3469,t.production_year,<,1996,ci.role_id,>,1#66601
cast_info ci,title t#t.id=ci.movie_id#t.phonetic_code,>,1435,t.production_year,<,1984,t.series_years,<,375,ci.role_id,=,2#3710
cast_info ci,title t#t.id=ci.movie_id#t.phonetic_code,>,9852,t.series_years,=,895,t.production_year,<,2012,ci.role_id,=,1#10
cast_info ci,title t#t.id=ci.movie_id#t.phonetic_code,<,12968,t.production_year,=,2013,t.series_years,>,441,ci.role_id,>,2#5762
cast_info ci,title t#t.id=ci.movie_id#t.phonetic_code,>,7193,t.production_year,=,1963,t.series_years,>,194,ci.role_id,=,2#319
cast_info ci,title t#t.id=ci.movie_id#t.series_years,>,371,t.phonetic_code,<,294,t.production_year,<,2013,ci.role_id,>,2#7591
cast_info ci,title t#t.id=ci.movie_id#t.production_year,=,2004,t.series_years,>,784,t.phonetic_code,=,16806,ci.role_id,>,1#16
cast_info ci,title t#t.id=ci.movie_id#t.phonetic_code,=,11377,t.series_years,<,1190,t.production_year,<,2006,ci.role_id,<,2#23
cast_info ci,title t#t.id=ci.movie_id#t.production_year,>,2006,t.series_years,>,179,t.phonetic_code,=,14528,ci.role_id,=,1#1
cast_info ci,title t#t.id=ci.movie_id#t.series_years,<,585,t.production_year,>,1999,t.phonetic_code,<,16706,ci.role_id,=,1#182
cast_info ci,title t#t.id=ci.movie_id#t.series_years,<,175,t.production_year,<,1985,t.phonetic_code,>,310,ci.role_id,=,1#2380
cast_info ci,title t#t.id=ci.movie_id#t.production_year,>,2011,t.phonetic_code,<,7345,t.series_years,>,1178,ci.role_id,=,1#5402
cast_info ci,title t#t.id=ci.movie_id#t.series_years,=,808,t.production_year,<,2009,t.phonetic_code,>,5929,ci.role_id,>,1#17
cast_info ci,title t#t.id=ci.movie_id#t.series_years,<,1134,t.phonetic_code,<,8110,t.production_year,>,2008,ci.role_id,<,2#130
cast_info ci,title t#t.id=ci.movie_id#t.phonetic_code,>,4625,t.production_year,<,2000,t.series_years,>,955,ci.role_id,>,1#124930
cast_info ci,title t#t.id=ci.movie_id#t.production_year,<,2005,t.series_years,>,533,t.phonetic_code,<,5239,ci.role_id,<,2#54349
cast_info ci,title t#t.id=ci.movie_id#t.production_year,<,2006,t.series_years,<,439,t.phonetic_code,>,19542,ci.role_id,>,1#836
cast_info ci,title t#t.id=ci.movie_id#t.production_year,>,1969,t.series_years,>,1038,t.phonetic_code,<,8998,ci.role_id,=,2#57852
cast_info ci,title t#t.id=ci.movie_id#t.production_year,<,1976,t.phonetic_code,<,17797,t.series_years,<,622,ci.role_id,>,2#15103
cast_info ci,title t#t.id=ci.movie_id#t.production_year,=,2012,t.phonetic_code,<,2602,t.series_years,>,902,ci.role_id,=,1#1706
cast_info ci,title t#t.id=ci.movie_id#t.series_years,<,958,t.phonetic_code,>,13486,t.production_year,>,2008,ci.role_id,>,2#4
cast_info ci,title t#t.id=ci.movie_id#t.series_years,<,1142,t.phonetic_code,<,8503,t.production_year,>,1992,ci.role_id,=,1#303
cast_info ci,title t#t.id=ci.movie_id#t.production_year,>,1980,t.phonetic_code,>,6276,t.series_years,=,1030,ci.role_id,<,2#1
cast_info ci,title t#t.id=ci.movie_id#t.phonetic_code,=,4527,t.series_years,<,1147,t.production_year,<,1974,ci.role_id,>,1#3
cast_info ci,title t#t.id=ci.movie_id#t.phonetic_code,>,14408,t.production_year,>,1987,t.series_years,<,297,ci.role_id,<,2#81
cast_info ci,title t#t.id=ci.movie_id#t.production_year,>,1990,t.phonetic_code,<,16641,t.series_years,<,539,ci.role_id,>,1#118
cast_info ci,title t#t.id=ci.movie_id#t.series_years,>,719,t.phonetic_code,>,8112,t.production_year,>,2012,ci.role_id,=,1#2157
cast_info ci,title t#t.id=ci.movie_id#t.phonetic_code,>,20823,t.series_years,>,659,t.production_year,>,1955,ci.role_id,=,2#5275
cast_info ci,title t#t.id=ci.movie_id#t.phonetic_code,<,3696,t.series_years,>,1266,t.production_year,>,2008,ci.role_id,=,1#8466
cast_info ci,title t#t.id=ci.movie_id#t.phonetic_code,>,17158,t.production_year,<,2011,t.series_years,>,990,ci.role_id,>,2#54039
cast_info ci,title t#t.id=ci.movie_id#t.production_year,>,1996,t.series_years,=,1239,t.phonetic_code,>,5034,ci.role_id,=,1#158
cast_info ci,title t#t.id=ci.movie_id#t.phonetic_code,>,4775,t.series_years,>,672,t.production_year,>,2002,ci.role_id,>,2#150235
cast_info ci,title t#t.id=ci.movie_id#t.series_years,>,224,t.production_year,>,2009,t.phonetic_code,=,3072,ci.role_id,>,2#72
cast_info ci,title t#t.id=ci.movie_id#t.phonetic_code,>,15651,t.series_years,>,323,t.production_year,=,1958,ci.role_id,>,1#77
cast_info ci,title t#t.id=ci.movie_id#t.series_years,<,1228,t.production_year,>,2006,t.phonetic_code,>,16804,ci.role_id,>,2#1
cast_info ci,title t#t.id=ci.movie_id#t.production_year,>,2007,t.phonetic_code,>,3428,t.series_years,<,333,ci.role_id,>,1#21
cast_info ci,title t#t.id=ci.movie_id#t.production_year,<,2013,t.phonetic_code,=,2547,t.series_years,>,126,ci.role_id,=,1#192
cast_info ci,title t#t.id=ci.movie_id#t.production_year,>,1961,t.phonetic_code,>,6245,t.series_years,<,437,ci.role_id,=,1#949
cast_info ci,title t#t.id=ci.movie_id#t.phonetic_code,=,14160,t.production_year,<,2000,t.series_years,<,1053,ci.role_id,=,4#2
cast_info ci,title t#t.id=ci.movie_id#t.production_year,<,1993,t.phonetic_code,<,20328,t.series_years,<,526,ci.role_id,>,1#20997
cast_info ci,title t#t.id=ci.movie_id#t.production_year,<,1964,t.series_years,>,143,t.phonetic_code,=,761,ci.role_id,=,1#2
cast_info ci,title t#t.id=ci.movie_id#t.series_years,<,813,t.production_year,>,2002,t.phonetic_code,<,7336,ci.role_id,<,2#131
cast_info ci,title t#t.id=ci.movie_id#t.series_years,>,656,t.production_year,<,2010,t.phonetic_code,>,4392,ci.role_id,>,1#355468
cast_info ci,title t#t.id=ci.movie_id#t.series_years,=,562,t.production_year,<,2005,t.phonetic_code,<,11365,ci.role_id,>,1#5
cast_info ci,title t#t.id=ci.movie_id#t.production_year,>,1968,t.series_years,<,1237,t.phonetic_code,>,10547,ci.role_id,>,1#97496
cast_info ci,title t#t.id=ci.movie_id#t.phonetic_code,>,5892,t.series_years,>,1220,t.production_year,>,2004,ci.role_id,<,2#50391
cast_info ci,title t#t.id=ci.movie_id#t.series_years,<,762,t.production_year,>,2010,t.phonetic_code,>,8829,ci.role_id,=,1#70
cast_info ci,title t#t.id=ci.movie_id#t.series_years,>,241,t.phonetic_code,=,18960,t.production_year,=,2011,ci.role_id,>,1#38
cast_info ci,title t#t.id=ci.movie_id#t.production_year,>,1999,t.phonetic_code,>,6257,t.series_years,>,633,ci.role_id,=,2#55120
cast_info ci,title t#t.id=ci.movie_id#t.phonetic_code,<,3199,t.series_years,<,128,t.production_year,<,1970,ci.role_id,>,2#160
cast_info ci,title t#t.id=ci.movie_id#t.production_year,=,1976,t.series_years,>,153,t.phonetic_code,>,17575,ci.role_id,=,2#216
cast_info ci,title t#t.id=ci.movie_id#t.production_year,<,2009,t.phonetic_code,<,5244,t.series_years,>,542,ci.role_id,=,1#65841
cast_info ci,title t#t.id=ci.movie_id#t.phonetic_code,<,20686,t.series_years,>,282,t.production_year,<,1960,ci.role_id,=,1#2566
cast_info ci,title t#t.id=ci.movie_id#t.production_year,>,2005,t.phonetic_code,<,3696,t.series_years,<,553,ci.role_id,>,1#8
cast_info ci,title t#t.id=ci.movie_id#t.phonetic_code,=,12193,t.production_year,<,2012,t.series_years,>,100,ci.role_id,=,1#34
cast_info ci,title t#t.id=ci.movie_id#t.production_year,<,1997,t.phonetic_code,<,11135,t.series_years,<,879,ci.role_id,>,4#11133
cast_info ci,title t#t.id=ci.movie_id#t.phonetic_code,<,5555,t.production_year,>,2002,t.series_years,<,655,ci.role_id,>,1#9
cast_info ci,title t#t.id=ci.movie_id#t.production_year,=,2008,t.phonetic_code,>,20811,t.series_years,>,670,ci.role_id,>,1#688
cast_info ci,title t#t.id=ci.movie_id#t.phonetic_code,<,11763,t.series_years,=,1086,t.production_year,<,2009,ci.role_id,=,1#27
cast_info ci,title t#t.id=ci.movie_id#t.production_year,>,1995,t.series_years,>,922,t.phonetic_code,<,5517,ci.role_id,=,1#48302
cast_info ci,title t#t.id=ci.movie_id#t.production_year,>,2010,t.series_years,>,752,t.phonetic_code,<,16037,ci.role_id,=,2#10313
cast_info ci,title t#t.id=ci.movie_id#t.phonetic_code,<,16821,t.production_year,<,1998,t.series_years,>,732,ci.role_id,=,4#21465
cast_info ci,title t#t.id=ci.movie_id#t.phonetic_code,=,8979,t.series_years,>,127,t.production_year,>,1970,ci.role_id,>,2#6
cast_info ci,title t#t.id=ci.movie_id#t.phonetic_code,<,17236,t.production_year,<,2011,t.series_years,<,128,ci.role_id,>,1#1185
cast_info ci,title t#t.id=ci.movie_id#t.series_years,>,614,t.phonetic_code,>,17009,t.production_year,<,2012,ci.role_id,<,2#46492
cast_info ci,title t#t.id=ci.movie_id#t.production_year,<,2006,t.series_years,<,550,t.phonetic_code,<,239,ci.role_id,<,2#727
cast_info ci,title t#t.id=ci.movie_id#t.production_year,<,2008,t.series_years,=,1060,t.phonetic_code,<,1844,ci.role_id,<,4#77
cast_info ci,title t#t.id=ci.movie_id#t.phonetic_code,>,16061,t.series_years,<,230,t.production_year,>,1994,ci.role_id,>,1#14
cast_info ci,title t#t.id=ci.movie_id#t.production_year,>,1998,t.series_years,>,707,t.phonetic_code,>,794,ci.role_id,=,2#83375
cast_info ci,title t#t.id=ci.movie_id#t.production_year,>,2012,t.series_years,>,1126,t.phonetic_code,<,10185,ci.role_id,>,2#4565
cast_info ci,title t#t.id=ci.movie_id#t.series_years,>,1179,t.production_year,>,1956,t.phonetic_code,=,9945,ci.role_id,<,2#16
cast_info ci,title t#t.id=ci.movie_id#t.series_years,<,810,t.phonetic_code,<,5580,t.production_year,>,2002,ci.role_id,=,1#88
cast_info ci,title t#t.id=ci.movie_id#t.series_years,>,130,t.production_year,>,2011,t.phonetic_code,>,71,ci.role_id,>,1#37488
cast_info ci,title t#t.id=ci.movie_id#t.phonetic_code,<,837,t.series_years,>,849,t.production_year,=,2010,ci.role_id,>,1#1246
cast_info ci,title t#t.id=ci.movie_id#t.series_years,<,1215,t.production_year,<,1990,t.phonetic_code,>,16706,ci.role_id,=,1#21692
cast_info ci,title t#t.id=ci.movie_id#t.series_years,<,314,t.production_year,=,1993,t.phonetic_code,<,2816,ci.role_id,=,1#43
cast_info ci,title t#t.id=ci.movie_id#t.production_year,<,1993,t.phonetic_code,<,18237,t.series_years,>,335,ci.role_id,=,1#91084
cast_info ci,title t#t.id=ci.movie_id#t.phonetic_code,>,14447,t.production_year,>,2010,t.series_years,>,887,ci.role_id,<,2#6292
cast_info ci,title t#t.id=ci.movie_id#t.phonetic_code,<,11922,t.production_year,=,2007,t.series_years,<,993,ci.role_id,>,2#5
cast_info ci,title t#t.id=ci.movie_id#t.production_year,>,2007,t.series_years,>,902,t.phonetic_code,>,20591,ci.role_id,>,1#5071
cast_info ci,title t#t.id=ci.movie_id#t.phonetic_code,=,11399,t.production_year,<,2011,t.series_years,>,618,ci.role_id,=,4#8
cast_info ci,title t#t.id=ci.movie_id#t.series_years,>,924,t.phonetic_code,>,17172,t.production_year,<,2004,ci.role_id,<,2#23345
cast_info ci,title t#t.id=ci.movie_id#t.phonetic_code,>,3471,t.production_year,>,1999,t.series_years,>,517,ci.role_id,=,1#96408
cast_info ci,title t#t.id=ci.movie_id#t.phonetic_code,<,3623,t.series_years,>,1117,t.production_year,>,2011,ci.role_id,>,1#9811
cast_info ci,title t#t.id=ci.movie_id#t.phonetic_code,>,1804,t.production_year,<,2008,t.series_years,=,124,ci.role_id,=,2#9
cast_info ci,title t#t.id=ci.movie_id#t.phonetic_code,>,7063,t.series_years,=,603,t.production_year,<,2010,ci.role_id,=,2#24
cast_info ci,title t#t.id=ci.movie_id#t.phonetic_code,<,18304,t.series_years,>,1103,t.production_year,<,2012,ci.role_id,=,1#153841
cast_info ci,title t#t.id=ci.movie_id#t.series_years,>,901,t.phonetic_code,<,1515,t.production_year,>,2012,ci.role_id,=,1#439
cast_info ci,title t#t.id=ci.movie_id#t.production_year,<,2010,t.phonetic_code,<,3895,t.series_years,>,286,ci.role_id,>,4#49868
cast_info ci,title t#t.id=ci.movie_id#t.production_year,>,2007,t.series_years,>,1156,t.phonetic_code,=,13156,ci.role_id,>,1#7
cast_info ci,title t#t.id=ci.movie_id#t.production_year,>,2009,t.phonetic_code,>,6715,t.series_years,<,1223,ci.role_id,<,4#120
cast_info ci,title t#t.id=ci.movie_id#t.series_years,<,947,t.production_year,<,2010,t.phonetic_code,=,7051,ci.role_id,<,2#13
cast_info ci,title t#t.id=ci.movie_id#t.phonetic_code,>,17319,t.production_year,=,2009,t.series_years,>,941,ci.role_id,=,2#872
cast_info ci,title t#t.id=ci.movie_id#t.phonetic_code,<,5364,t.series_years,>,593,t.production_year,<,1999,ci.role_id,=,2#23818
cast_info ci,title t#t.id=ci.movie_id#t.series_years,<,707,t.phonetic_code,=,17185,t.production_year,<,2009,ci.role_id,>,1#12
cast_info ci,title t#t.id=ci.movie_id#t.series_years,>,857,t.production_year,=,2010,t.phonetic_code,>,6782,ci.role_id,>,1#13537
cast_info ci,title t#t.id=ci.movie_id#t.series_years,<,106,t.production_year,>,1995,t.phonetic_code,<,9347,ci.role_id,>,2#9
cast_info ci,title t#t.id=ci.movie_id#t.phonetic_code,=,16031,t.series_years,>,187,t.production_year,<,1992,ci.role_id,>,2#1
cast_info ci,title t#t.id=ci.movie_id#t.production_year,>,1954,t.series_years,>,182,t.phonetic_code,<,10614,ci.role_id,=,1#140574
cast_info ci,title t#t.id=ci.movie_id#t.phonetic_code,=,10439,t.series_years,<,982,t.production_year,<,1988,ci.role_id,=,1#17
cast_info ci,title t#t.id=ci.movie_id#t.production_year,=,2004,t.series_years,>,431,t.phonetic_code,>,16372,ci.role_id,=,2#1964
cast_info ci,title t#t.id=ci.movie_id#t.production_year,>,2005,t.series_years,<,961,t.phonetic_code,<,17215,ci.role_id,>,4#13
cast_info ci,title t#t.id=ci.movie_id#t.phonetic_code,<,18305,t.production_year,=,1985,t.series_years,<,772,ci.role_id,=,1#133
cast_info ci,title t#t.id=ci.movie_id#t.phonetic_code,>,4452,t.production_year,<,1994,t.series_years,<,985,ci.role_id,=,1#51647
cast_info ci,title t#t.id=ci.movie_id#t.production_year,>,2011,t.phonetic_code,<,13984,t.series_years,>,1071,ci.role_id,>,2#19752
cast_info ci,title t#t.id=ci.movie_id#t.phonetic_code,<,14575,t.series_years,>,636,t.production_year,>,1953,ci.role_id,>,2#277340
cast_info ci,title t#t.id=ci.movie_id#t.phonetic_code,>,13485,t.production_year,<,2011,t.series_years,=,726,ci.role_id,>,1#2
cast_info ci,title t#t.id=ci.movie_id#t.series_years,<,1013,t.phonetic_code,=,17321,t.production_year,<,2006,ci.role_id,>,1#12
cast_info ci,title t#t.id=ci.movie_id#t.production_year,>,2009,t.series_years,>,733,t.phonetic_code,=,6203,ci.role_id,<,2#3
cast_info ci,title t#t.id=ci.movie_id#t.phonetic_code,<,3486,t.series_years,<,1262,t.production_year,=,2001,ci.role_id,>,1#2
cast_info ci,title t#t.id=ci.movie_id#t.series_years,<,303,t.production_year,<,1970,t.phonetic_code,<,16274,ci.role_id,>,4#1238
cast_info ci,title t#t.id=ci.movie_id#t.production_year,=,2012,t.phonetic_code,<,18280,t.series_years,<,730,ci.role_id,<,2#152
cast_info ci,title t#t.id=ci.movie_id#t.phonetic_code,=,3635,t.production_year,<,2007,t.series_years,>,1011,ci.role_id,<,4#153
cast_info ci,title t#t.id=ci.movie_id#t.phonetic_code,<,18335,t.production_year,<,2007,t.series_years,=,1186,ci.role_id,<,2#22
cast_info ci,title t#t.id=ci.movie_id#t.series_years,=,260,t.phonetic_code,<,10389,t.production_year,<,2011,ci.role_id,=,2#15
cast_info ci,title t#t.id=ci.movie_id#t.production_year,>,1955,t.series_years,>,212,t.phonetic_code,<,2495,ci.role_id,>,2#69264
cast_info ci,title t#t.id=ci.movie_id#t.production_year,<,2009,t.series_years,>,494,t.phonetic_code,<,3632,ci.role_id,>,1#116486
cast_info ci,title t#t.id=ci.movie_id#t.series_years,>,163,t.phonetic_code,<,2690,t.production_year,>,2009,ci.role_id,>,1#15696
cast_info ci,title t#t.id=ci.movie_id#t.production_year,=,2012,t.series_years,<,132,t.phonetic_code,>,1767,ci.role_id,>,2#1
cast_info ci,title t#t.id=ci.movie_id#t.production_year,=,2007,t.phonetic_code,<,6675,t.series_years,>,535,ci.role_id,=,2#1961
cast_info ci,title t#t.id=ci.movie_id#t.production_year,>,1954,t.series_years,>,886,t.phonetic_code,>,6250,ci.role_id,=,1#150069
cast_info ci,title t#t.id=ci.movie_id#t.production_year,>,1964,t.phonetic_code,<,17789,t.series_years,>,1078,ci.role_id,>,1#422608
cast_info ci,title t#t.id=ci.movie_id#t.phonetic_code,>,2978,t.series_years,>,1220,t.production_year,<,2012,ci.role_id,=,1#109707
cast_info ci,title t#t.id=ci.movie_id#t.phonetic_code,>,12021,t.series_years,<,784,t.production_year,>,1959,ci.role_id,=,2#7821
cast_info ci,title t#t.id=ci.movie_id#t.phonetic_code,>,2236,t.series_years,>,1058,t.production_year,>,2010,ci.role_id,=,1#17390
cast_info ci,title t#t.id=ci.movie_id#t.phonetic_code,>,2599,t.series_years,<,228,t.production_year,>,1956,ci.role_id,=,1#352
cast_info ci,title t#t.id=ci.movie_id#t.production_year,<,2009,t.phonetic_code,<,21712,t.series_years,=,1149,ci.role_id,=,2#124
cast_info ci,title t#t.id=ci.movie_id#t.phonetic_code,<,1513,t.series_years,>,379,t.production_year,>,1999,ci.role_id,>,1#35053
cast_info ci,title t#t.id=ci.movie_id#t.production_year,<,2012,t.phonetic_code,>,14216,t.series_years,<,608,ci.role_id,=,2#3884
cast_info ci,title t#t.id=ci.movie_id#t.series_years,<,662,t.phonetic_code,>,22941,t.production_year,<,1990,ci.role_id,=,1#47
cast_info ci,title t#t.id=ci.movie_id#t.production_year,>,2006,t.phonetic_code,<,10340,t.series_years,>,349,ci.role_id,>,2#56409
cast_info ci,title t#t.id=ci.movie_id#t.series_years,<,1160,t.production_year,<,2012,t.phonetic_code,=,19415,ci.role_id,>,2#13
cast_info ci,title t#t.id=ci.movie_id#t.phonetic_code,>,4933,t.series_years,<,963,t.production_year,=,1962,ci.role_id,>,2#545
cast_info ci,title t#t.id=ci.movie_id#t.production_year,<,2011,t.phonetic_code,<,2536,t.series_years,>,1140,ci.role_id,<,2#24580
cast_info ci,title t#t.id=ci.movie_id#t.phonetic_code,>,280,t.production_year,<,1984,t.series_years,=,898,ci.role_id,=,1#3
cast_info ci,title t#t.id=ci.movie_id#t.production_year,>,2012,t.phonetic_code,<,15054,t.series_years,>,1211,ci.role_id,=,1#3046
cast_info ci,title t#t.id=ci.movie_id#t.production_year,<,2013,t.series_years,<,1043,t.phonetic_code,<,9,ci.role_id,=,1#33
cast_info ci,title t#t.id=ci.movie_id#t.phonetic_code,<,15823,t.series_years,=,976,t.production_year,<,2013,ci.role_id,=,2#13
cast_info ci,title t#t.id=ci.movie_id#t.series_years,>,837,t.phonetic_code,>,136,t.production_year,<,2000,ci.role_id,>,2#128772
cast_info ci,title t#t.id=ci.movie_id#t.production_year,<,1972,t.series_years,<,100,t.phonetic_code,>,17268,ci.role_id,>,1#26
cast_info ci,title t#t.id=ci.movie_id#t.production_year,<,2008,t.phonetic_code,=,7177,t.series_years,>,513,ci.role_id,=,2#40
cast_info ci,title t#t.id=ci.movie_id#t.phonetic_code,=,6706,t.production_year,<,2009,t.series_years,<,658,ci.role_id,<,2#5
cast_info ci,title t#t.id=ci.movie_id#t.series_years,>,1072,t.phonetic_code,=,14556,t.production_year,<,2009,ci.role_id,=,1#23
cast_info ci,title t#t.id=ci.movie_id#t.phonetic_code,>,1263,t.series_years,=,1106,t.production_year,<,2012,ci.role_id,>,1#330
cast_info ci,title t#t.id=ci.movie_id#t.production_year,>,2001,t.phonetic_code,<,20961,t.series_years,>,927,ci.role_id,=,1#102149
cast_info ci,title t#t.id=ci.movie_id#t.series_years,=,765,t.production_year,<,2008,t.phonetic_code,>,6772,ci.role_id,=,1#4
cast_info ci,title t#t.id=ci.movie_id#t.production_year,<,1999,t.series_years,>,1044,t.phonetic_code,>,19707,ci.role_id,>,2#4853
cast_info ci,title t#t.id=ci.movie_id#t.phonetic_code,=,10423,t.production_year,=,2004,t.series_years,>,271,ci.role_id,>,4#46
cast_info ci,title t#t.id=ci.movie_id#t.series_years,>,1160,t.phonetic_code,=,20328,t.production_year,<,2012,ci.role_id,>,1#93
cast_info ci,title t#t.id=ci.movie_id#t.series_years,<,1041,t.phonetic_code,<,14222,t.production_year,>,2002,ci.role_id,>,4#12
cast_info ci,title t#t.id=ci.movie_id#t.phonetic_code,<,14728,t.production_year,<,2009,t.series_years,<,298,ci.role_id,=,2#2441
cast_info ci,title t#t.id=ci.movie_id#t.phonetic_code,>,7639,t.production_year,<,2009,t.series_years,<,917,ci.role_id,=,2#20065
cast_info ci,title t#t.id=ci.movie_id#t.series_years,<,1044,t.phonetic_code,>,14696,t.production_year,>,2011,ci.role_id,>,1#13
cast_info ci,title t#t.id=ci.movie_id#t.series_years,>,625,t.phonetic_code,<,915,t.production_year,<,2002,ci.role_id,=,2#6953
cast_info ci,title t#t.id=ci.movie_id#t.production_year,>,2000,t.series_years,<,736,t.phonetic_code,<,5327,ci.role_id,=,1#82
cast_info ci,title t#t.id=ci.movie_id#t.series_years,>,385,t.phonetic_code,>,8196,t.production_year,<,2011,ci.role_id,=,2#93345
cast_info ci,title t#t.id=ci.movie_id#t.phonetic_code,>,19600,t.series_years,>,347,t.production_year,>,1980,ci.role_id,=,2#9336
cast_info ci,title t#t.id=ci.movie_id#t.phonetic_code,>,1491,t.series_years,>,584,t.production_year,<,2006,ci.role_id,>,2#246810
cast_info ci,title t#t.id=ci.movie_id#t.series_years,>,1137,t.production_year,>,2004,t.phonetic_code,<,7960,ci.role_id,=,1#30342
cast_info ci,title t#t.id=ci.movie_id#t.production_year,>,1993,t.series_years,<,582,t.phonetic_code,>,13138,ci.role_id,=,1#113
cast_info ci,title t#t.id=ci.movie_id#t.series_years,=,326,t.production_year,<,1986,t.phonetic_code,>,1263,ci.role_id,>,1#49
cast_info ci,title t#t.id=ci.movie_id#t.phonetic_code,=,510,t.production_year,>,2010,t.series_years,>,696,ci.role_id,>,2#23
cast_info ci,title t#t.id=ci.movie_id#t.phonetic_code,>,12348,t.production_year,>,2009,t.series_years,<,592,ci.role_id,=,2#11
cast_info ci,title t#t.id=ci.movie_id#t.phonetic_code,>,11952,t.production_year,<,1965,t.series_years,<,201,ci.role_id,>,1#1378
cast_info ci,title t#t.id=ci.movie_id#t.production_year,>,2012,t.series_years,>,791,t.phonetic_code,<,8408,ci.role_id,>,2#4156
cast_info ci,title t#t.id=ci.movie_id#t.series_years,>,981,t.phonetic_code,>,1305,t.production_year,<,2010,ci.role_id,=,2#109644
cast_info ci,title t#t.id=ci.movie_id#t.phonetic_code,>,13087,t.series_years,<,1263,t.production_year,>,2003,ci.role_id,=,1#79
cast_info ci,title t#t.id=ci.movie_id#t.series_years,<,1236,t.phonetic_code,>,16694,t.production_year,>,2007,ci.role_id,>,1#10
cast_info ci,title t#t.id=ci.movie_id#t.phonetic_code,<,2072,t.production_year,>,1993,t.series_years,>,178,ci.role_id,>,2#44716
cast_info ci,title t#t.id=ci.movie_id#t.phonetic_code,<,2842,t.production_year,=,2009,t.series_years,>,870,ci.role_id,<,2#1426
cast_info ci,title t#t.id=ci.movie_id#t.series_years,<,118,t.phonetic_code,<,7805,t.production_year,<,2011,ci.role_id,=,1#336
cast_info ci,title t#t.id=ci.movie_id#t.production_year,<,2004,t.series_years,=,689,t.phonetic_code,>,3947,ci.role_id,=,2#4
cast_info ci,title t#t.id=ci.movie_id#t.series_years,<,558,t.production_year,>,1969,t.phonetic_code,>,10837,ci.role_id,>,2#117
cast_info ci,title t#t.id=ci.movie_id#t.series_years,<,250,t.production_year,<,2003,t.phonetic_code,>,10615,ci.role_id,>,2#1498
cast_info ci,title t#t.id=ci.movie_id#t.series_years,>,718,t.phonetic_code,>,19718,t.production_year,=,2011,ci.role_id,=,1#590
cast_info ci,title t#t.id=ci.movie_id#t.production_year,<,1985,t.phonetic_code,<,1598,t.series_years,>,501,ci.role_id,>,2#4386
cast_info ci,title t#t.id=ci.movie_id#t.production_year,=,2012,t.phonetic_code,>,3450,t.series_years,>,473,ci.role_id,>,1#19219
cast_info ci,title t#t.id=ci.movie_id#t.phonetic_code,>,3957,t.production_year,=,2005,t.series_years,>,330,ci.role_id,=,2#5475
cast_info ci,title t#t.id=ci.movie_id#t.production_year,<,1992,t.series_years,>,337,t.phonetic_code,=,14130,ci.role_id,=,1#18
cast_info ci,title t#t.id=ci.movie_id#t.series_years,<,638,t.phonetic_code,<,19619,t.production_year,<,1961,ci.role_id,>,4#2483
cast_info ci,title t#t.id=ci.movie_id#t.series_years,<,1206,t.phonetic_code,<,16700,t.production_year,=,1974,ci.role_id,=,1#2178
cast_info ci,title t#t.id=ci.movie_id#t.production_year,<,1996,t.phonetic_code,=,2684,t.series_years,>,448,ci.role_id,>,1#39
cast_info ci,title t#t.id=ci.movie_id#t.production_year,=,2004,t.series_years,>,785,t.phonetic_code,<,348,ci.role_id,>,2#630
cast_info ci,title t#t.id=ci.movie_id#t.phonetic_code,<,7318,t.series_years,>,562,t.production_year,>,2005,ci.role_id,>,1#70971
cast_info ci,title t#t.id=ci.movie_id#t.production_year,=,2005,t.series_years,>,456,t.phonetic_code,<,2891,ci.role_id,=,1#2118
cast_info ci,title t#t.id=ci.movie_id#t.series_years,=,655,t.phonetic_code,>,16804,t.production_year,<,1989,ci.role_id,<,4#33
cast_info ci,title t#t.id=ci.movie_id#t.series_years,>,497,t.production_year,=,2012,t.phonetic_code,<,2783,ci.role_id,>,1#5462
cast_info ci,title t#t.id=ci.movie_id#t.production_year,>,1991,t.series_years,<,1084,t.phonetic_code,<,1582,ci.role_id,>,2#38
cast_info ci,title t#t.id=ci.movie_id#t.production_year,>,1992,t.series_years,<,1118,t.phonetic_code,<,16905,ci.role_id,=,2#61
cast_info ci,title t#t.id=ci.movie_id#t.production_year,>,2010,t.series_years,<,556,t.phonetic_code,<,4049,ci.role_id,<,2#79
cast_info ci,title t#t.id=ci.movie_id#t.phonetic_code,<,17007,t.production_year,<,2001,t.series_years,<,556,ci.role_id,>,2#11461
cast_info ci,title t#t.id=ci.movie_id#t.series_years,>,798,t.production_year,=,2006,t.phonetic_code,>,15896,ci.role_id,<,2#2749
cast_info ci,title t#t.id=ci.movie_id#t.phonetic_code,<,5743,t.series_years,<,1112,t.production_year,<,1990,ci.role_id,=,1#30756
cast_info ci,title t#t.id=ci.movie_id#t.phonetic_code,>,1094,t.series_years,>,1132,t.production_year,>,2008,ci.role_id,<,2#33380
cast_info ci,title t#t.id=ci.movie_id#t.phonetic_code,<,3188,t.production_year,>,2006,t.series_years,<,1258,ci.role_id,<,2#76
cast_info ci,title t#t.id=ci.movie_id#t.phonetic_code,=,2723,t.production_year,<,2006,t.series_years,>,857,ci.role_id,>,1#52
cast_info ci,title t#t.id=ci.movie_id#t.production_year,>,2008,t.phonetic_code,>,5119,t.series_years,<,124,ci.role_id,>,4#2
cast_info ci,title t#t.id=ci.movie_id#t.series_years,<,318,t.phonetic_code,>,1845,t.production_year,>,2011,ci.role_id,=,1#145
cast_info ci,title t#t.id=ci.movie_id#t.production_year,<,1970,t.phonetic_code,>,14401,t.series_years,<,1291,ci.role_id,<,2#7219
cast_info ci,title t#t.id=ci.movie_id#t.production_year,<,2002,t.phonetic_code,>,12304,t.series_years,<,1048,ci.role_id,>,1#44637
cast_info ci,title t#t.id=ci.movie_id#t.series_years,>,856,t.production_year,=,2000,t.phonetic_code,<,20545,ci.role_id,=,1#8013
cast_info ci,title t#t.id=ci.movie_id#t.series_years,<,424,t.phonetic_code,<,19733,t.production_year,=,2012,ci.role_id,=,2#19
cast_info ci,title t#t.id=ci.movie_id#t.phonetic_code,<,10117,t.series_years,<,575,t.production_year,=,2012,ci.role_id,>,4#4
cast_info ci,title t#t.id=ci.movie_id#t.phonetic_code,>,553,t.series_years,=,602,t.production_year,<,2011,ci.role_id,>,2#28
cast_info ci,title t#t.id=ci.movie_id#t.series_years,>,416,t.production_year,=,1984,t.phonetic_code,>,12702,ci.role_id,<,2#2002
cast_info ci,title t#t.id=ci.movie_id#t.phonetic_code,>,11932,t.production_year,<,2000,t.series_years,<,1250,ci.role_id,>,4#31930
cast_info ci,title t#t.id=ci.movie_id#t.production_year,>,2011,t.series_years,<,659,t.phonetic_code,>,17011,ci.role_id,=,2#9
cast_info ci,title t#t.id=ci.movie_id#t.phonetic_code,<,11515,t.production_year,<,2007,t.series_years,>,1172,ci.role_id,=,2#43544
cast_info ci,title t#t.id=ci.movie_id#t.production_year,<,1997,t.series_years,>,1139,t.phonetic_code,<,13875,ci.role_id,<,2#18468
cast_info ci,title t#t.id=ci.movie_id#t.production_year,=,1981,t.series_years,>,160,t.phonetic_code,<,16687,ci.role_id,>,4#1051
cast_info ci,title t#t.id=ci.movie_id#t.phonetic_code,>,4415,t.series_years,<,210,t.production_year,>,2006,ci.role_id,=,1#45
cast_info ci,title t#t.id=ci.movie_id#t.phonetic_code,<,18359,t.series_years,<,1192,t.production_year,>,1965,ci.role_id,<,2#93933
cast_info ci,title t#t.id=ci.movie_id#t.phonetic_code,<,17319,t.series_years,>,465,t.production_year,>,1996,ci.role_id,>,1#337853
cast_info ci,title t#t.id=ci.movie_id#t.series_years,>,1278,t.phonetic_code,<,7051,t.production_year,>,1992,ci.role_id,<,2#46468
cast_info ci,title t#t.id=ci.movie_id#t.production_year,<,2007,t.phonetic_code,=,20825,t.series_years,>,1131,ci.role_id,>,1#4
cast_info ci,title t#t.id=ci.movie_id#t.production_year,<,2012,t.series_years,<,1156,t.phonetic_code,=,16253,ci.role_id,<,4#97
cast_info ci,title t#t.id=ci.movie_id#t.phonetic_code,<,2842,t.series_years,>,205,t.production_year,=,2001,ci.role_id,>,1#5418
cast_info ci,title t#t.id=ci.movie_id#t.production_year,>,1974,t.phonetic_code,<,16816,t.series_years,>,1236,ci.role_id,=,2#75965
cast_info ci,title t#t.id=ci.movie_id#t.production_year,=,2012,t.phonetic_code,<,834,t.series_years,>,876,ci.role_id,>,1#1488
cast_info ci,title t#t.id=ci.movie_id#t.phonetic_code,<,9007,t.series_years,>,942,t.production_year,=,2012,ci.role_id,=,1#4116
cast_info ci,title t#t.id=ci.movie_id#t.production_year,<,2005,t.series_years,>,130,t.phonetic_code,>,6092,ci.role_id,=,1#137406
cast_info ci,title t#t.id=ci.movie_id#t.phonetic_code,>,14081,t.production_year,<,2009,t.series_years,<,247,ci.role_id,=,1#1515
cast_info ci,title t#t.id=ci.movie_id#t.series_years,>,784,t.phonetic_code,<,17811,t.production_year,>,1989,ci.role_id,<,2#163112
cast_info ci,title t#t.id=ci.movie_id#t.production_year,>,2006,t.phonetic_code,>,16081,t.series_years,<,1253,ci.role_id,=,1#30
cast_info ci,title t#t.id=ci.movie_id#t.series_years,>,580,t.phonetic_code,>,2576,t.production_year,=,2012,ci.role_id,>,1#20572
cast_info ci,title t#t.id=ci.movie_id#t.production_year,<,2010,t.phonetic_code,=,3486,t.series_years,<,800,ci.role_id,>,4#12
cast_info ci,title t#t.id=ci.movie_id#t.production_year,>,1955,t.phonetic_code,<,2599,t.series_years,<,179,ci.role_id,=,2#37
cast_info ci,title t#t.id=ci.movie_id#t.series_years,>,785,t.production_year,=,2010,t.phonetic_code,=,2128,ci.role_id,=,1#1
cast_info ci,title t#t.id=ci.movie_id#t.series_years,>,994,t.phonetic_code,=,11766,t.production_year,>,2011,ci.role_id,>,1#4
cast_info ci,title t#t.id=ci.movie_id#t.production_year,>,2011,t.series_years,<,1297,t.phonetic_code,<,10436,ci.role_id,=,2#8
cast_info ci,title t#t.id=ci.movie_id#t.phonetic_code,<,2523,t.production_year,<,1985,t.series_years,<,244,ci.role_id,>,1#903
cast_info ci,title t#t.id=ci.movie_id#t.series_years,>,1159,t.production_year,<,2005,t.phonetic_code,<,16971,ci.role_id,=,1#80197
cast_info ci,title t#t.id=ci.movie_id#t.series_years,>,783,t.production_year,>,1995,t.phonetic_code,=,17209,ci.role_id,=,1#11
cast_info ci,title t#t.id=ci.movie_id#t.phonetic_code,=,14409,t.series_years,>,423,t.production_year,=,2013,ci.role_id,>,1#4
cast_info ci,title t#t.id=ci.movie_id#t.phonetic_code,>,6948,t.production_year,>,2008,t.series_years,<,1257,ci.role_id,=,1#116
cast_info ci,title t#t.id=ci.movie_id#t.phonetic_code,<,2978,t.series_years,>,829,t.production_year,>,1998,ci.role_id,=,2#17779
cast_info ci,title t#t.id=ci.movie_id#t.production_year,>,2011,t.series_years,>,587,t.phonetic_code,>,14696,ci.role_id,>,2#8420
cast_info ci,title t#t.id=ci.movie_id#t.production_year,<,1966,t.series_years,<,1145,t.phonetic_code,>,20961,ci.role_id,>,2#204
cast_info ci,title t#t.id=ci.movie_id#t.phonetic_code,<,20026,t.production_year,<,1995,t.series_years,<,699,ci.role_id,=,1#30674
cast_info ci,title t#t.id=ci.movie_id#t.production_year,>,2010,t.phonetic_code,<,11547,t.series_years,>,976,ci.role_id,=,1#12076
cast_info ci,title t#t.id=ci.movie_id#t.phonetic_code,>,17215,t.production_year,=,1965,t.series_years,>,156,ci.role_id,=,1#341
cast_info ci,title t#t.id=ci.movie_id#t.production_year,<,1996,t.phonetic_code,<,5342,t.series_years,<,119,ci.role_id,=,1#245
cast_info ci,title t#t.id=ci.movie_id#t.series_years,>,671,t.production_year,>,2008,t.phonetic_code,<,1144,ci.role_id,>,1#7633
cast_info ci,title t#t.id=ci.movie_id#t.phonetic_code,>,13089,t.series_years,<,1200,t.production_year,<,2004,ci.role_id,>,1#66613
cast_info ci,title t#t.id=ci.movie_id#t.phonetic_code,<,6934,t.series_years,>,424,t.production_year,>,1996,ci.role_id,>,2#116327
cast_info ci,title t#t.id=ci.movie_id#t.series_years,<,797,t.phonetic_code,>,2890,t.production_year,=,1985,ci.role_id,=,2#23
cast_info ci,title t#t.id=ci.movie_id#t.production_year,<,2010,t.series_years,<,228,t.phonetic_code,<,5555,ci.role_id,<,2#1252
cast_info ci,title t#t.id=ci.movie_id#t.production_year,<,2012,t.series_years,=,694,t.phonetic_code,>,12264,ci.role_id,<,2#21
cast_info ci,title t#t.id=ci.movie_id#t.series_years,>,671,t.phonetic_code,<,20186,t.production_year,<,2008,ci.role_id,=,1#197411
cast_info ci,title t#t.id=ci.movie_id#t.phonetic_code,=,12288,t.production_year,>,1975,t.series_years,<,1019,ci.role_id,>,1#3
cast_info ci,title t#t.id=ci.movie_id#t.series_years,<,267,t.production_year,<,1988,t.phonetic_code,<,13925,ci.role_id,<,2#3257
cast_info ci,title t#t.id=ci.movie_id#t.production_year,=,1964,t.series_years,>,320,t.phonetic_code,>,16905,ci.role_id,<,2#447
cast_info ci,title t#t.id=ci.movie_id#t.phonetic_code,<,510,t.series_years,>,894,t.production_year,>,1998,ci.role_id,>,1#11020
cast_info ci,title t#t.id=ci.movie_id#t.phonetic_code,<,2498,t.series_years,<,489,t.production_year,>,1991,ci.role_id,=,1#62
cast_info ci,title t#t.id=ci.movie_id#t.series_years,>,247,t.production_year,=,1999,t.phonetic_code,>,6169,ci.role_id,=,2#3588
cast_info ci,title t#t.id=ci.movie_id#t.phonetic_code,=,10359,t.series_years,>,912,t.production_year,>,1987,ci.role_id,>,1#200
cast_info ci,title t#t.id=ci.movie_id#t.series_years,=,241,t.phonetic_code,<,17575,t.production_year,>,1979,ci.role_id,=,1#40
cast_info ci,title t#t.id=ci.movie_id#t.production_year,<,2005,t.series_years,<,982,t.phonetic_code,<,19868,ci.role_id,<,2#67915
cast_info ci,title t#t.id=ci.movie_id#t.series_years,=,464,t.phonetic_code,<,17011,t.production_year,<,2010,ci.role_id,<,2#8
cast_info ci,title t#t.id=ci.movie_id#t.production_year,=,2011,t.series_years,>,1000,t.phonetic_code,<,8989,ci.role_id,>,1#11117
cast_info ci,title t#t.id=ci.movie_id#t.series_years,<,1229,t.phonetic_code,<,14160,t.production_year,<,2005,ci.role_id,=,2#54030
cast_info ci,title t#t.id=ci.movie_id#t.production_year,>,1971,t.series_years,<,1261,t.phonetic_code,=,1282,ci.role_id,>,1#175
cast_info ci,title t#t.id=ci.movie_id#t.production_year,<,2010,t.phonetic_code,>,17319,t.series_years,>,689,ci.role_id,=,1#36388
cast_info ci,title t#t.id=ci.movie_id#t.series_years,<,936,t.production_year,>,1995,t.phonetic_code,<,5060,ci.role_id,=,2#7
cast_info ci,title t#t.id=ci.movie_id#t.phonetic_code,>,1717,t.series_years,>,259,t.production_year,=,1995,ci.role_id,=,1#5951
cast_info ci,title t#t.id=ci.movie_id#t.series_years,<,1058,t.production_year,=,2007,t.phonetic_code,>,1847,ci.role_id,<,2#3
cast_info ci,title t#t.id=ci.movie_id#t.phonetic_code,>,17810,t.production_year,=,1983,t.series_years,>,489,ci.role_id,<,2#404
cast_info ci,title t#t.id=ci.movie_id#t.phonetic_code,=,2690,t.series_years,<,1038,t.production_year,<,1985,ci.role_id,>,2#26
cast_info ci,title t#t.id=ci.movie_id#t.series_years,<,330,t.phonetic_code,>,1460,t.production_year,<,1958,ci.role_id,>,4#1547
cast_info ci,title t#t.id=ci.movie_id#t.production_year,=,2011,t.phonetic_code,>,6218,t.series_years,>,1249,ci.role_id,=,1#5244
cast_info ci,title t#t.id=ci.movie_id#t.production_year,>,1995,t.series_years,>,118,t.phonetic_code,<,16293,ci.role_id,=,2#79166
cast_info ci,title t#t.id=ci.movie_id#t.series_years,<,256,t.production_year,>,1991,t.phonetic_code,<,7140,ci.role_id,=,4#11
cast_info ci,title t#t.id=ci.movie_id#t.phonetic_code,=,12460,t.series_years,>,1263,t.production_year,<,2009,ci.role_id,=,1#23
cast_info ci,title t#t.id=ci.movie_id#t.phonetic_code,>,14528,t.production_year,<,1954,t.series_years,>,209,ci.role_id,=,1#8
cast_info ci,title t#t.id=ci.movie_id#t.series_years,<,785,t.phonetic_code,>,16884,t.production_year,>,1990,ci.role_id,>,4#4
cast_info ci,title t#t.id=ci.movie_id#t.production_year,=,2008,t.series_years,>,1183,t.phonetic_code,>,19733,ci.role_id,<,2#497
cast_info ci,title t#t.id=ci.movie_id#t.series_years,>,858,t.phonetic_code,>,9920,t.production_year,=,1994,ci.role_id,>,2#3841
cast_info ci,title t#t.id=ci.movie_id#t.series_years,=,1025,t.production_year,<,2006,t.phonetic_code,<,9087,ci.role_id,=,1#21
cast_info ci,title t#t.id=ci.movie_id#t.production_year,<,2007,t.series_years,>,332,t.phonetic_code,>,6249,ci.role_id,>,1#292495
cast_info ci,title t#t.id=ci.movie_id#t.phonetic_code,>,13564,t.series_years,>,1282,t.production_year,>,1960,ci.role_id,>,4#48191
cast_info ci,title t#t.id=ci.movie_id#t.phonetic_code,>,18956,t.production_year,<,1991,t.series_years,=,1106,ci.role_id,>,1#5
cast_info ci,title t#t.id=ci.movie_id#t.phonetic_code,<,14648,t.series_years,<,377,t.production_year,<,1980,ci.role_id,=,2#3064
cast_info ci,title t#t.id=ci.movie_id#t.production_year,=,2011,t.phonetic_code,>,523,t.series_years,>,497,ci.role_id,>,2#19051
cast_info ci,title t#t.id=ci.movie_id#t.series_years,<,465,t.production_year,>,1993,t.phonetic_code,<,6237,ci.role_id,>,1#45
cast_info ci,title t#t.id=ci.movie_id#t.phonetic_code,=,16670,t.production_year,>,2004,t.series_years,>,736,ci.role_id,=,1#1
cast_info ci,title t#t.id=ci.movie_id#t.phonetic_code,<,11784,t.series_years,>,1064,t.production_year,<,2006,ci.role_id,>,2#125580
cast_info ci,title t#t.id=ci.movie_id#t.phonetic_code,>,14687,t.production_year,=,2005,t.series_years,>,1193,ci.role_id,=,1#3207
cast_info ci,title t#t.id=ci.movie_id#t.series_years,<,358,t.phonetic_code,>,1152,t.production_year,<,2005,ci.role_id,=,1#6986
cast_info ci,title t#t.id=ci.movie_id#t.phonetic_code,>,20825,t.production_year,=,1969,t.series_years,<,842,ci.role_id,>,2#77
cast_info ci,title t#t.id=ci.movie_id#t.series_years,>,1269,t.phonetic_code,<,17209,t.production_year,>,2010,ci.role_id,>,2#41214
cast_info ci,title t#t.id=ci.movie_id#t.phonetic_code,<,2537,t.series_years,>,320,t.production_year,<,1992,ci.role_id,<,2#16281
cast_info ci,title t#t.id=ci.movie_id#t.series_years,<,996,t.production_year,>,2006,t.phonetic_code,>,6979,ci.role_id,<,2#117
cast_info ci,title t#t.id=ci.movie_id#t.production_year,<,2008,t.phonetic_code,>,11790,t.series_years,<,1131,ci.role_id,>,1#63033
cast_info ci,title t#t.id=ci.movie_id#t.series_years,>,773,t.production_year,=,2001,t.phonetic_code,>,2283,ci.role_id,<,2#8288
cast_info ci,title t#t.id=ci.movie_id#t.phonetic_code,=,5517,t.series_years,>,131,t.production_year,<,1988,ci.role_id,>,1#13
cast_info ci,title t#t.id=ci.movie_id#t.phonetic_code,<,6492,t.series_years,>,313,t.production_year,<,1994,ci.role_id,=,1#39062
cast_info ci,title t#t.id=ci.movie_id#t.phonetic_code,<,12325,t.series_years,>,1127,t.production_year,>,2005,ci.role_id,=,4#14599
cast_info ci,title t#t.id=ci.movie_id#t.series_years,>,659,t.phonetic_code,>,5364,t.production_year,>,2002,ci.role_id,>,1#189807
cast_info ci,title t#t.id=ci.movie_id#t.production_year,>,1993,t.phonetic_code,>,22192,t.series_years,>,566,ci.role_id,>,1#4393
cast_info ci,title t#t.id=ci.movie_id#t.phonetic_code,=,5478,t.series_years,>,984,t.production_year,<,2005,ci.role_id,=,1#4
cast_info ci,title t#t.id=ci.movie_id#t.phonetic_code,=,16864,t.production_year,<,2010,t.series_years,>,575,ci.role_id,>,4#46
cast_info ci,title t#t.id=ci.movie_id#t.series_years,<,713,t.phonetic_code,<,16657,t.production_year,<,1972,ci.role_id,>,2#15548
cast_info ci,title t#t.id=ci.movie_id#t.production_year,>,1991,t.series_years,=,1148,t.phonetic_code,<,13316,ci.role_id,=,1#146
cast_info ci,title t#t.id=ci.movie_id#t.production_year,=,1956,t.phonetic_code,>,1267,t.series_years,<,1022,ci.role_id,=,2#417
cast_info ci,title t#t.id=ci.movie_id#t.production_year,<,2005,t.phonetic_code,<,11652,t.series_years,<,1042,ci.role_id,>,2#37269
cast_info ci,title t#t.id=ci.movie_id#t.series_years,<,317,t.phonetic_code,<,6360,t.production_year,<,2011,ci.role_id,=,1#2879
cast_info ci,title t#t.id=ci.movie_id#t.series_years,>,293,t.production_year,>,2011,t.phonetic_code,<,5779,ci.role_id,>,2#10195
cast_info ci,title t#t.id=ci.movie_id#t.phonetic_code,<,11723,t.series_years,>,529,t.production_year,>,2007,ci.role_id,<,2#25418
cast_info ci,title t#t.id=ci.movie_id#t.phonetic_code,<,7637,t.production_year,>,1994,t.series_years,>,477,ci.role_id,<,4#146007
cast_info ci,title t#t.id=ci.movie_id#t.production_year,<,2004,t.phonetic_code,=,4857,t.series_years,<,1262,ci.role_id,=,1#52
cast_info ci,title t#t.id=ci.movie_id#t.phonetic_code,<,4227,t.series_years,>,567,t.production_year,<,1994,ci.role_id,=,2#14676
cast_info ci,title t#t.id=ci.movie_id#t.series_years,=,1288,t.phonetic_code,>,17141,t.production_year,>,1984,ci.role_id,>,4#15
cast_info ci,title t#t.id=ci.movie_id#t.production_year,=,1987,t.series_years,>,638,t.phonetic_code,>,14401,ci.role_id,>,2#1339
cast_info ci,title t#t.id=ci.movie_id#t.series_years,<,1175,t.phonetic_code,>,1484,t.production_year,<,2008,ci.role_id,=,2#60731
cast_info ci,title t#t.id=ci.movie_id#t.series_years,<,242,t.production_year,>,2007,t.phonetic_code,>,525,ci.role_id,>,1#26
cast_info ci,title t#t.id=ci.movie_id#t.production_year,<,2010,t.phonetic_code,<,17720,t.series_years,=,629,ci.role_id,=,1#33
cast_info ci,title t#t.id=ci.movie_id#t.production_year,>,1970,t.series_years,>,997,t.phonetic_code,>,3060,ci.role_id,>,2#288814
cast_info ci,title t#t.id=ci.movie_id#t.production_year,>,1985,t.series_years,>,719,t.phonetic_code,<,1100,ci.role_id,=,1#13896
cast_info ci,title t#t.id=ci.movie_id#t.series_years,>,1292,t.phonetic_code,=,1109,t.production_year,<,2010,ci.role_id,>,1#11
cast_info ci,title t#t.id=ci.movie_id#t.phonetic_code,<,11327,t.series_years,<,402,t.production_year,<,2003,ci.role_id,>,2#3988
cast_info ci,title t#t.id=ci.movie_id#t.series_years,>,557,t.phonetic_code,<,16822,t.production_year,<,2011,ci.role_id,=,1#190534
cast_info ci,title t#t.id=ci.movie_id#t.series_years,>,510,t.production_year,<,1995,t.phonetic_code,>,16612,ci.role_id,<,2#25338
cast_info ci,title t#t.id=ci.movie_id#t.series_years,<,173,t.phonetic_code,>,16955,t.production_year,<,2007,ci.role_id,>,1#724
cast_info ci,title t#t.id=ci.movie_id#t.phonetic_code,<,670,t.production_year,=,2007,t.series_years,>,305,ci.role_id,<,2#307
cast_info ci,title t#t.id=ci.movie_id#t.phonetic_code,>,6203,t.series_years,>,1008,t.production_year,=,2004,ci.role_id,>,1#21646
cast_info ci,title t#t.id=ci.movie_id#t.production_year,<,2003,t.series_years,=,909,t.phonetic_code,<,19733,ci.role_id,=,4#1
cast_info ci,title t#t.id=ci.movie_id#t.series_years,<,907,t.production_year,>,2004,t.phonetic_code,>,8521,ci.role_id,>,2#11
cast_info ci,title t#t.id=ci.movie_id#t.production_year,>,2008,t.phonetic_code,=,18273,t.series_years,>,599,ci.role_id,=,1#3
cast_info ci,title t#t.id=ci.movie_id#t.production_year,=,1984,t.series_years,>,773,t.phonetic_code,<,2782,ci.role_id,<,2#753
cast_info ci,title t#t.id=ci.movie_id#t.production_year,<,1999,t.series_years,<,1062,t.phonetic_code,<,6735,ci.role_id,=,2#19998
cast_info ci,title t#t.id=ci.movie_id#t.series_years,=,447,t.phonetic_code,<,2332,t.production_year,<,1964,ci.role_id,>,1#12
cast_info ci,title t#t.id=ci.movie_id#t.phonetic_code,>,7362,t.series_years,>,998,t.production_year,>,2002,ci.role_id,>,1#162850
cast_info ci,title t#t.id=ci.movie_id#t.production_year,>,2010,t.phonetic_code,>,2334,t.series_years,<,140,ci.role_id,>,1#15
cast_info ci,title t#t.id=ci.movie_id#t.phonetic_code,<,19420,t.production_year,>,2009,t.series_years,<,955,ci.role_id,>,1#25
cast_info ci,title t#t.id=ci.movie_id#t.phonetic_code,>,7197,t.series_years,>,199,t.production_year,<,2001,ci.role_id,>,1#168117
cast_info ci,title t#t.id=ci.movie_id#t.series_years,>,602,t.production_year,=,2012,t.phonetic_code,<,11515,ci.role_id,=,1#5179
cast_info ci,title t#t.id=ci.movie_id#t.series_years,>,1105,t.production_year,>,2010,t.phonetic_code,<,1995,ci.role_id,=,1#2924
cast_info ci,title t#t.id=ci.movie_id#t.production_year,<,1990,t.phonetic_code,<,11784,t.series_years,>,926,ci.role_id,=,2#10078
cast_info ci,title t#t.id=ci.movie_id#t.production_year,>,2012,t.phonetic_code,>,18261,t.series_years,>,566,ci.role_id,>,2#1008
cast_info ci,title t#t.id=ci.movie_id#t.series_years,>,482,t.production_year,<,2011,t.phonetic_code,>,17705,ci.role_id,>,1#68995
cast_info ci,title t#t.id=ci.movie_id#t.series_years,>,1137,t.phonetic_code,>,10436,t.production_year,=,2003,ci.role_id,=,1#4747
cast_info ci,title t#t.id=ci.movie_id#t.production_year,>,2011,t.phonetic_code,<,11750,t.series_years,>,1014,ci.role_id,>,1#22443
cast_info ci,title t#t.id=ci.movie_id#t.production_year,>,1960,t.phonetic_code,<,8058,t.series_years,>,224,ci.role_id,=,2#72854
cast_info ci,title t#t.id=ci.movie_id#t.production_year,>,2012,t.phonetic_code,>,16700,t.series_years,>,472,ci.role_id,>,2#1936
cast_info ci,title t#t.id=ci.movie_id#t.phonetic_code,<,3906,t.series_years,<,1036,t.production_year,=,2012,ci.role_id,=,1#78
cast_info ci,title t#t.id=ci.movie_id#t.series_years,<,910,t.phonetic_code,>,71,t.production_year,>,2009,ci.role_id,<,2#183
cast_info ci,title t#t.id=ci.movie_id#t.production_year,<,1990,t.phonetic_code,<,8509,t.series_years,<,1156,ci.role_id,<,2#40675
cast_info ci,title t#t.id=ci.movie_id#t.series_years,>,620,t.phonetic_code,>,6979,t.production_year,<,2012,ci.role_id,>,1#332194
cast_info ci,title t#t.id=ci.movie_id#t.phonetic_code,>,15782,t.production_year,<,2011,t.series_years,<,761,ci.role_id,>,1#13577
cast_info ci,title t#t.id=ci.movie_id#t.phonetic_code,>,14122,t.production_year,=,2006,t.series_years,>,186,ci.role_id,=,4#1092
cast_info ci,title t#t.id=ci.movie_id#t.phonetic_code,=,17858,t.series_years,>,538,t.production_year,<,1997,ci.role_id,>,1#20
cast_info ci,title t#t.id=ci.movie_id#t.production_year,<,2007,t.phonetic_code,>,16773,t.series_years,>,452,ci.role_id,=,1#47376
cast_info ci,title t#t.id=ci.movie_id#t.phonetic_code,<,10,t.production_year,<,2011,t.series_years,<,210,ci.role_id,=,2#5
cast_info ci,title t#t.id=ci.movie_id#t.phonetic_code,>,10555,t.series_years,<,604,t.production_year,>,2004,ci.role_id,>,1#13
cast_info ci,title t#t.id=ci.movie_id#t.series_years,>,621,t.phonetic_code,<,6683,t.production_year,>,2004,ci.role_id,>,1#77199
cast_info ci,title t#t.id=ci.movie_id#t.production_year,>,1993,t.phonetic_code,>,8113,t.series_years,<,847,ci.role_id,<,2#131
cast_info ci,title t#t.id=ci.movie_id#t.phonetic_code,>,7042,t.production_year,>,1984,t.series_years,>,996,ci.role_id,=,1#128610
cast_info ci,title t#t.id=ci.movie_id#t.production_year,>,2012,t.series_years,>,944,t.phonetic_code,>,10371,ci.role_id,>,1#5859
cast_info ci,title t#t.id=ci.movie_id#t.phonetic_code,>,5171,t.production_year,<,1959,t.series_years,<,434,ci.role_id,=,4#1203
cast_info ci,title t#t.id=ci.movie_id#t.phonetic_code,<,10274,t.production_year,>,2010,t.series_years,>,1118,ci.role_id,>,1#31104
cast_info ci,title t#t.id=ci.movie_id#t.production_year,=,2012,t.series_years,>,440,t.phonetic_code,<,14651,ci.role_id,=,2#3990
cast_info ci,title t#t.id=ci.movie_id#t.production_year,>,2009,t.phonetic_code,<,10114,t.series_years,>,685,ci.role_id,=,2#8948
cast_info ci,title t#t.id=ci.movie_id#t.phonetic_code,>,621,t.series_years,=,690,t.production_year,<,1998,ci.role_id,<,4#6
cast_info ci,title t#t.id=ci.movie_id#t.production_year,>,1995,t.series_years,>,358,t.phonetic_code,=,8992,ci.role_id,>,2#33
cast_info ci,title t#t.id=ci.movie_id#t.production_year,<,2010,t.series_years,<,1008,t.phonetic_code,>,11723,ci.role_id,=,2#18435
cast_info ci,title t#t.id=ci.movie_id#t.series_years,<,623,t.phonetic_code,>,13603,t.production_year,>,1969,ci.role_id,=,2#44
cast_info ci,title t#t.id=ci.movie_id#t.production_year,<,2008,t.series_years,<,1270,t.phonetic_code,=,1091,ci.role_id,>,1#24
cast_info ci,title t#t.id=ci.movie_id#t.production_year,=,1997,t.series_years,>,753,t.phonetic_code,=,2991,ci.role_id,>,1#61
cast_info ci,title t#t.id=ci.movie_id#t.production_year,<,1996,t.phonetic_code,=,11515,t.series_years,>,701,ci.role_id,=,1#11
cast_info ci,title t#t.id=ci.movie_id#t.production_year,>,2011,t.phonetic_code,>,15758,t.series_years,<,422,ci.role_id,>,2#1
cast_info ci,title t#t.id=ci.movie_id#t.phonetic_code,=,19290,t.series_years,>,1021,t.production_year,>,1960,ci.role_id,=,1#5
cast_info ci,title t#t.id=ci.movie_id#t.phonetic_code,=,14546,t.series_years,>,740,t.production_year,=,1999,ci.role_id,>,2#11
cast_info ci,title t#t.id=ci.movie_id#t.production_year,<,2013,t.series_years,=,1149,t.phonetic_code,<,644,ci.role_id,>,2#14
cast_info ci,title t#t.id=ci.movie_id#t.phonetic_code,<,6250,t.production_year,>,2010,t.series_years,>,1162,ci.role_id,=,2#4766
cast_info ci,title t#t.id=ci.movie_id#t.production_year,>,2011,t.series_years,>,1230,t.phonetic_code,>,13106,ci.role_id,<,2#4240
cast_info ci,title t#t.id=ci.movie_id#t.phonetic_code,<,9914,t.series_years,>,266,t.production_year,<,1995,ci.role_id,=,2#32572
cast_info ci,title t#t.id=ci.movie_id#t.series_years,>,751,t.phonetic_code,<,13566,t.production_year,<,2002,ci.role_id,>,2#108929
cast_info ci,title t#t.id=ci.movie_id#t.production_year,=,2013,t.series_years,>,175,t.phonetic_code,<,16253,ci.role_id,>,1#8877
cast_info ci,title t#t.id=ci.movie_id#t.series_years,<,150,t.phonetic_code,>,22041,t.production_year,<,2011,ci.role_id,=,2#10
cast_info ci,title t#t.id=ci.movie_id#t.phonetic_code,>,6866,t.series_years,<,1157,t.production_year,<,1961,ci.role_id,<,2#4597
cast_info ci,title t#t.id=ci.movie_id#t.series_years,<,493,t.phonetic_code,<,13603,t.production_year,<,2007,ci.role_id,>,2#6226
cast_info ci,title t#t.id=ci.movie_id#t.phonetic_code,>,22306,t.production_year,<,2011,t.series_years,<,505,ci.role_id,<,2#105
cast_info ci,title t#t.id=ci.movie_id#t.production_year,>,2009,t.series_years,>,909,t.phonetic_code,<,2567,ci.role_id,=,1#4775
cast_info ci,title t#t.id=ci.movie_id#t.phonetic_code,<,6860,t.production_year,<,2006,t.series_years,<,379,ci.role_id,<,2#3992
cast_info ci,title t#t.id=ci.movie_id#t.series_years,>,653,t.production_year,>,2012,t.phonetic_code,<,270,ci.role_id,=,1#47
cast_info ci,title t#t.id=ci.movie_id#t.series_years,<,596,t.production_year,=,2009,t.phonetic_code,>,2334,ci.role_id,=,1#20
cast_info ci,title t#t.id=ci.movie_id#t.production_year,<,2009,t.phonetic_code,<,16587,t.series_years,<,324,ci.role_id,=,1#5392
cast_info ci,title t#t.id=ci.movie_id#t.production_year,<,1974,t.series_years,<,646,t.phonetic_code,<,5364,ci.role_id,>,1#11087
cast_info ci,title t#t.id=ci.movie_id#t.series_years,<,505,t.phonetic_code,>,5246,t.production_year,<,1987,ci.role_id,=,4#2570
cast_info ci,title t#t.id=ci.movie_id#t.production_year,<,2000,t.phonetic_code,<,10428,t.series_years,=,447,ci.role_id,>,4#9
cast_info ci,title t#t.id=ci.movie_id#t.series_years,=,1150,t.production_year,<,2010,t.phonetic_code,>,8075,ci.role_id,=,2#57
cast_info ci,title t#t.id=ci.movie_id#t.series_years,<,281,t.production_year,<,1979,t.phonetic_code,>,5558,ci.role_id,=,1#3391
cast_info ci,title t#t.id=ci.movie_id#t.series_years,>,869,t.production_year,<,2010,t.phonetic_code,>,12325,ci.role_id,=,1#78450
cast_info ci,title t#t.id=ci.movie_id#t.phonetic_code,>,10615,t.series_years,=,1183,t.production_year,<,1998,ci.role_id,=,1#78
cast_info ci,title t#t.id=ci.movie_id#t.phonetic_code,<,2578,t.production_year,>,1986,t.series_years,>,762,ci.role_id,=,2#23583
cast_info ci,title t#t.id=ci.movie_id#t.series_years,>,1184,t.production_year,<,2012,t.phonetic_code,<,20345,ci.role_id,>,1#380218
cast_info ci,title t#t.id=ci.movie_id#t.series_years,<,1158,t.production_year,<,2001,t.phonetic_code,<,8045,ci.role_id,>,1#66310
cast_info ci,title t#t.id=ci.movie_id#t.series_years,>,216,t.production_year,<,1999,t.phonetic_code,>,1491,ci.role_id,>,1#214572
cast_info ci,title t#t.id=ci.movie_id#t.phonetic_code,=,837,t.production_year,<,2012,t.series_years,>,1023,ci.role_id,>,1#9
cast_info ci,title t#t.id=ci.movie_id#t.series_years,>,259,t.phonetic_code,>,21957,t.production_year,<,2001,ci.role_id,=,1#2460
cast_info ci,title t#t.id=ci.movie_id#t.series_years,<,119,t.production_year,>,2011,t.phonetic_code,>,144,ci.role_id,=,2#4
cast_info ci,title t#t.id=ci.movie_id#t.phonetic_code,<,20834,t.series_years,=,411,t.production_year,<,2007,ci.role_id,>,1#2
cast_info ci,title t#t.id=ci.movie_id#t.phonetic_code,>,3867,t.production_year,=,1985,t.series_years,<,640,ci.role_id,=,2#23
cast_info ci,title t#t.id=ci.movie_id#t.production_year,<,2004,t.series_years,>,395,t.phonetic_code,>,5149,ci.role_id,=,1#133281
cast_info ci,title t#t.id=ci.movie_id#t.series_years,>,1024,t.phonetic_code,>,1599,t.production_year,=,2006,ci.role_id,=,1#9708
cast_info ci,title t#t.id=ci.movie_id#t.production_year,<,1990,t.phonetic_code,<,11767,t.series_years,<,777,ci.role_id,=,1#23680
cast_info ci,title t#t.id=ci.movie_id#t.series_years,=,993,t.phonetic_code,>,8073,t.production_year,<,2010,ci.role_id,>,1#15
cast_info ci,title t#t.id=ci.movie_id#t.phonetic_code,=,11932,t.production_year,=,2000,t.series_years,>,848,ci.role_id,<,2#9
cast_info ci,title t#t.id=ci.movie_id#t.production_year,<,2012,t.series_years,>,581,t.phonetic_code,<,12292,ci.role_id,>,2#231525
cast_info ci,title t#t.id=ci.movie_id#t.production_year,=,1960,t.phonetic_code,>,20959,t.series_years,<,704,ci.role_id,<,2#5
cast_info ci,title t#t.id=ci.movie_id#t.production_year,=,2012,t.phonetic_code,=,16973,t.series_years,>,614,ci.role_id,>,1#16
cast_info ci,title t#t.id=ci.movie_id#t.series_years,>,502,t.phonetic_code,>,1195,t.production_year,<,2011,ci.role_id,=,2#144110
cast_info ci,title t#t.id=ci.movie_id#t.phonetic_code,>,2242,t.production_year,>,2002,t.series_years,>,1015,ci.role_id,=,1#82714
cast_info ci,title t#t.id=ci.movie_id#t.production_year,>,1997,t.phonetic_code,>,14687,t.series_years,>,686,ci.role_id,=,2#28539
cast_info ci,title t#t.id=ci.movie_id#t.production_year,>,1961,t.series_years,>,1197,t.phonetic_code,=,2778,ci.role_id,>,1#37
cast_info ci,title t#t.id=ci.movie_id#t.production_year,>,1999,t.series_years,=,132,t.phonetic_code,<,16035,ci.role_id,<,2#9
cast_info ci,title t#t.id=ci.movie_id#t.production_year,>,2009,t.series_years,<,589,t.phonetic_code,>,11360,ci.role_id,=,1#70
